Description;e-mail;Description_2;Description_3;clusters
seul inconvenienteniant et pas des moindres  les courriers automatiques de menaces auxquelles il faut repondre alors que le dossier est a jour ;1;['inconvenienteni', 'moindr', 'courri', 'auxquel', 'dossi'];inconvenienteni moindr courri auxquel dossi;1
service indemnisation qui ne fait absolument pas son travail inscrit depuis avril 2020 on me dit que mon inscription est pris en compte en juin 2020 sauf que j ai toute les preuves qu il font n importe quoi et dise bien ce qu il veule pour bacler les dossier    demande des documents deja envoye plus de 20 fois     des reponses toute faite et qui ont rien a voir avec ce qu ils ont dit la veille en attendant j ai 1 mois dans le vent due a l incompetence de ces dernier mais je ne vais pas me laisser faire   la personne au bout du fil coupe la parole et meprisante desagreable soupire a tout bout de chant et ne veux absolument rien entendre pretextant que c est nous les con       mail et courrier envoye au directeur suite a l incompetence de ces derniers   bravo pole emploi la vous faite tres fort  ;1;['servic', 'indemnis', 'inscrit', 'compt', 'juin', 'preuv', 'veul', 'bacl', 'dossi', 'docu', 'repons', 'veil', 'attend', 'vent', 'du', 'incompetent', 'person', 'fil', 'coup', 'parol', 'mepris', 'soupir', 'chant', 'entendr', 'pretext', 'courri', 'directeur', 'incompetent', 'derni'];servic indemnis inscrit compt juin preuv veul bacl dossi docu repons veil attend vent du incompetent person fil coup parol mepris soupir chant entendr pretext courri directeur incompetent derni;0
au lieu de menacer ma fille d un avertissement de radiation pour un appel manque suite au mauvais fonctionnement reseau   ouais ca arrive     alors qu en plus elle sort d une formation de mars a juillet   et que la elle vient de debuter les vendanges        donc ouai vous allez recevoir le contrat via mail  aller donc faire des menaces aux personnes qui refusent vos formations ainsi que les vendanges et qui sont indemnises      ce qui n est pas le cas de ma fille      quand on change les conseilleres a longueur d annee il faudrait peut etre qu elle se mette les dossiers a jour dans leur crane   a bon entendeur    ;1;['fill', 'avert', 'appel', 'mauv', 'reseau', 'ouais', 'format', 'juillet', 'vient', 'debut', 'vendang', 'ouai', 'contrat', 'person', 'refusent', 'format', 'vendang', 'indemnis', 'fill', 'longueur', 'dossi', 'cran', 'entendeur'];fill avert appel mauv reseau ouais format juillet vient debut vendang ouai contrat person refusent format vendang indemnis fill longueur dossi cran entendeur;0
je ne peux pas donner d avis sur l accueil physique mais concernant les echanges mails et telephoniques  je n ai jamais ete aussi bien  accueillie   les reponses sont rapides  claires et respectueuses ;1;['repons', 'rapid', 'clair', 'respectu'];repons rapid clair respectu;1
inadmissible    indique ouvert sur google et arrivant devant la porte   un papier indiquant ferme le jeudi   les conseillers ne repondent pas aux mails bref de qui se fout on    ;1;['inadmissibl', 'ouvert', 'googl', 'arriv', 'ferm', 'jeud', 'repondent', 'fout'];inadmissibl ouvert googl arriv ferm jeud repondent fout;1
agence d incapable  annonce des trop percus alors que les actualisation etais faite en temps et en heure  directeur d agence qui n assume pas et qui decide de cloturer la discussion par mail quand on lui annonce qu ont conteste ce trop percus   la seule etoile que je suis oblige de mettre reviens a la conseillere qui m avais accompagne dans mon projet de formation l annee derniere et qui faisait elle  parfaitement son travail  contrairement a d autre  ;1;['agenc', 'percus', 'directeur', 'agenc', 'assum', 'clotur', 'discuss', 'contest', 'percus', 'revien', 'format'];agenc percus directeur agenc assum clotur discuss contest percus revien format;0
tres bon accueil  disponibilite et courtoisie  ils repondent meme le dimanche par mail   sourire telephonique  traitement immediat ou a peine differe de quelques heures  patience et reactivite  malgre nombreuses demandes formulees  j en suis si etonnee que j ai decide de le noter ici dans l espoir qu ils le lisent egalement  on ne le dit pas assez quand les agents font un bon travail  merci a vous ;1;['disponibilit', 'courtois', 'repondent', 'dimanch', 'sourir', 'immediat', 'differ', 'patienc', 'reactivit', 'nombreux', 'formule', 'etonne', 'espoir', 'lisent', 'agent'];disponibilit courtois repondent dimanch sourir immediat differ patienc reactivit nombreux formule etonne espoir lisent agent;0
tres bon accueil  disponibilite et courtoisie  ils repondent meme le dimanche par mail   sourire telephonique  traitement immediat ou a peine differe de quelques heures  patience et reactivite  malgre nombreuses demandes formulees  j en suis si etonnee que j ai decide de le noter ici dans l espoir qu ils le lisent egalement  on ne le dit pas assez quand les agents font un bon travail  merci a vous ;1;['disponibilit', 'courtois', 'repondent', 'dimanch', 'sourir', 'immediat', 'differ', 'patienc', 'reactivit', 'nombreux', 'formule', 'etonne', 'espoir', 'lisent', 'agent'];disponibilit courtois repondent dimanch sourir immediat differ patienc reactivit nombreux formule etonne espoir lisent agent;0
tres decue  ma conseillere n etait pas tres investie  plusieurs appels  plusieurs relances  derniers mails sans reponse       je me suis retrouvee en fin de droit sans infos ni ressources  j aurais pense etre mieux accompagnee ;1;['invest', 'appel', 'derni', 'repons', 'retrouve', 'infos', 'ressourc', 'accompagne'];invest appel derni repons retrouve infos ressourc accompagne;1
je travail depuis 2002 avec quelques passage via pole emploi   j ai arreter mon ancien metier en mai 2020   j ai etait malade pendant 5 mois et en stand bye pendant 2 mois   j ai perdue de l argent a cause de sa arret maladie de quatre jours   puis j ai effectuer une formation en debut d annee 2021que jai reussi et depuis se temps je recherche du travail   en fevrier 2022 j ai trouver un cdd de deux mois et demi   et depuis je suis a la recherche mais fin de droit se termine dici quelques jour   durant mon chomage j ai eu l occasion de voir ma conseiller que5 6 fois par mail et quelque fois par telephone    elle m a envoyer une annonce qu au finale c etait negatif  je n est eu aucune autre aide de sa par   pole emploi m a proposer de faire un vsi en fin d are et je doit etre seule pour faire ma demarche pour rechercher du taff   je veux bien etre comprehensible  mais la sa m enerve en sachant que je suis active dans ma recherche d emploi  ;1;['2002', 'passag', 'malad', 'stand', 'bye', 'perdu', 'argent', 'malad', 'quatr', 'format', '2021que', 'cdd', 'dem', 'dic', 'chomag', 'occas', 'que5', 'vsi', 'demarch', 'taff', 'comprehensibl', 'enerv'];2002 passag malad stand bye perdu argent malad quatr format 2021que cdd dem dic chomag occas que5 vsi demarch taff comprehensibl enerv;0
conseiller sympa lors du premier rdv en face a face  mais apres  zero retours a mes e mails et impossible de les joindre  malgre un engagement de nous repondre sous 48h ouvrees ;1;['rdv', 'fac', 'fac', 'e', 'engag', '48h', 'ouvre'];rdv fac fac e engag 48h ouvre;0
conseillere se payant ma tete  j ai une double fracture du pied et elle me demande de venir a pied a un rendez vous sachant que j ai prevenu que je ne pourrais pas venir  j ai eu une panne de voiture  elle me menace de me retirer mes allocations si je ne lui ramene pas un justificatif sachant que j avais prevenu et qu elle a le culot de m envoyer un mail en me disant que j avais pas prevenu  me demander un justificatif medical pour mieux m invalider  inutile le pole emploi ;1;['pai', 'tet', 'doubl', 'fractur', 'pied', 'pied', 'prevenu', 'pann', 'voitur', 'retir', 'alloc', 'ramen', 'justif', 'prevenu', 'culot', 'prevenu', 'justif', 'medical', 'invalid'];pai tet doubl fractur pied pied prevenu pann voitur retir alloc ramen justif prevenu culot prevenu justif medical invalid;0
membre du personnel incompetent  ne prenne pas soin de repondre aux mails  ou s entete sur des dossier qui ne prennent pas soins d etudier est qui laissent les gens sans revenus alors que ses gens ont des droits comme tous citoyens ;1;['membr', 'personnel', 'incompetent', 'pren', 'soin', 'entet', 'dossi', 'prennent', 'soin', 'etudi', 'laissent', 'revenus', 'citoyen'];membr personnel incompetent pren soin entet dossi prennent soin etudi laissent revenus citoyen;1
une veritable catastrophe  le chomage baisse  c est facile quand on enregistre pas les gens qui cotisent depuis des annees et qui perdent leur emploi a cause de la crise sanitaire et de la non reprise de l activite economique  on a laisse des mails  des appels avec messages tous les jours car personne ne reponds et qu un repondeur vous dit que vous aurez une reponse sous 24h  j ai envoye mes documents le lendemain de mon licenciement  aujourd hui apres plusieurs mois rien de rien    je ne peux plus payer mon loyer car les allocations dues ne sont pas versees a cause d un manque de personnel et surtout de personnel incompetent  je vais me rapprocher d un avocat car aujourd hui j ai pleins de frais bancaires   des lettres d impayes car je n ai pas touches tous ces mois d allocations  des bons a rien  pole emploi   zero franchement vous devriez avoir honte ;1;['chomag', 'baiss', 'cotisent', 'perdent', 'cris', 'sanitair', 'appel', 'person', 'repondeur', 'repons', '24h', 'docu', 'lendemain', 'licenci', 'pai', 'alloc', 'du', 'verse', 'personnel', 'personnel', 'incompetent', 'rapproch', 'avocat', 'plein', 'frais', 'bancair', 'impay', 'alloc'];chomag baiss cotisent perdent cris sanitair appel person repondeur repons 24h docu lendemain licenci pai alloc du verse personnel personnel incompetent rapproch avocat plein frais bancair impay alloc;0
agence nul qui ne ce casse ps la tete avec leur chomeur  pas professionnel du tout jamais de proposition d emplois   jamais de reponse  jamais de reponse des conseillers    ni mails ni telephone    il faut y aller et y retourner  si on les bouge pas c est difficile   ;1;['agenc', 'cass', 'p', 'tet', 'repons', 'repons', 'boug'];agenc cass p tet repons repons boug;1
tres nul   ne font rien de leurs journees   ils n aident pas les gens  mon conseiller ne se presente meme pas   de plus il n a rien compris a ma demande  il m envoie de l apprentissage alors que c est pas ce que je recherche   aucune reponse par mail   on se demande ce qu ils font  ;1;['aident', 'compr', 'apprentissag', 'repons'];aident compr apprentissag repons;1
les conseillers ne repond pas aux mails   le suivie n est pas assure quand ont change de situation  de quoi commettre pas mal d erreur lors des declarations  erreurs qui nous serons bien fatale  des conseillers qui ne conseillent pas a quoi sa sert  ;1;['assur', 'commettr', 'declar', 'fatal', 'conseillent'];assur commettr declar fatal conseillent;1
1 an et demi de chomage et je n ai vu qu une seule fois mon conseiller  il mettait une bonne semaine avant de repondre a mes mails  et encore    parfois il ne s en donnait pas la peine  jamais il ne m a appele ou donne d autres rendez vous pour savoir ou j en etais  la premiere et derniere fois ou j y suis allee  j avais rendez vous a 14h  s en est suivi d une attente de 1h30  tout en sachant que le  rendez vous  a dure 20min  franchement decue  vous n aidez pas les gens  vous ne les soutenez pas  1 an et demi a chercher un boulot  silence radio complet  je me suis sentie abandonnee   il faut aussi ajouter qu une fois j ai eu une adorable femme au telephone qui a su repondre a toutes mes questions ;1;['dem', 'chomag', 'appel', '14h', '1h30', '20min', 'souten', 'dem', 'boulot', 'silenc', 'radio', 'abandonne', 'ajout', 'ador', 'femm'];dem chomag appel 14h 1h30 20min souten dem boulot silenc radio abandonne ajout ador femm;0
j ai beau envoyer des mails on me repond mais jamais precisement  je suis decu de pole emploi moi qui souhaiterais une participation reactive de leurs parts  ;1;['reactiv', 'part'];reactiv part;1
vous ne meritez meme pas 1 etoile vous etes pas reactif aux mails aux demandes c est scandaleux      puis quand on se deplace a l accueil ils ne savent rien dire mis a part contacter votre conseiller par mail   eh oh il faut reagir la        ;1;['merit', 'reactif', 'scandal', 'savent', 'contact', 'eh', 'oh', 'reag'];merit reactif scandal savent contact eh oh reag;1
service deplorable;1;['servic', 'deplor'];servic deplor;1
je mets une etoiles mais si je pouvais je mettrais 0 etoiles car la dame a l accueil indemnisation manque totale de respect envers les demandeurs d emploi pour une simple infos   si vous n aimais pas de travail changer de travail   pole emploi ne prends pas en compte ma situation vis a vis divers courriers en accuse de reception mail car j ai ete victime d une discrimination a l embauche  mais aucune prise en compte de ma situation   nul  et de plus pole emploi c des radins  et la le scoop j envoie un avis d imposition un document que je suis alle chercher a l administration fiscale  et ce document a ete refuse pour toucher les allocations specifiques  mais pole emploi ce son vraiment des radins   je comprends le comportement de certains chomeurs   et de plus pole emploi prefere indemniser des feneants que ceux qui font l effort de travailler  ;1;['mettr', 'indemnis', 'total', 'respect', 'enver', 'infos', 'prend', 'compt', 'diver', 'courri', 'accus', 'victim', 'discrimin', 'compt', 'radin', 'scoop', 'imposit', 'docu', 'administr', 'fiscal', 'docu', 'alloc', 'specif', 'radin', 'prefer', 'indemnis', 'fen', 'effort'];mettr indemnis total respect enver infos prend compt diver courri accus victim discrimin compt radin scoop imposit docu administr fiscal docu alloc specif radin prefer indemnis fen effort;0
changement de conseiller suite a son depart pour d autres responsabilites  tout se passait a peu pres bien avec l ancien conseiller mais depuis le changement rien ne va plus  plus de reponse aux mails  plus d indemnite  il faut que ca bouge     ;1;['responsabilit', 'repons', 'indemnit', 'boug'];responsabilit repons indemnit boug;1
j attends qu on me donne un rdv depuis la fin janvier   au debut  je me suis trompee de conseillere  donc  on m a redirige vers une autre qui a quitte l agence et pour finir  la 3e etait en vacances  devait me recontacter a son retour mi fevrier et toujours dans l attente d une reponse      alors que j avais bien precise ma situation dans les mails    le directeur de l agence m a appele juste pour me demander si je savais lire et ecrire le francais apres avoir lu mon mail  alors que je le maitrise mieux que certaines personnes ayant un bac l      inadmissible   et apres  on va dire que les francais sont faineants   si pole emploi suivait derriere  il y aurait encore moins de chomeurs que maintenant   on se demande qui sont les faineants   ;1;['attend', 'rdv', 'trompe', 'redirig', 'quitt', 'agenc', '3e', 'vacanc', 'recontact', 'mi', 'repons', 'directeur', 'agenc', 'appel', 'sav', 'ecrir', 'lu', 'maitris', 'person', 'bac', 'inadmissibl', 'fain', 'derrier', 'fain'];attend rdv trompe redirig quitt agenc 3e vacanc recontact mi repons directeur agenc appel sav ecrir lu maitris person bac inadmissibl fain derrier fain;0
merci a la conseillere de pole emploi  merci au conseiller de cap  emploi   merci aux personnes qui nous aident sur l application   merci au conseiller que  j ai par mail;1;['cap', 'person', 'aident'];cap person aident;1
je suis tres contente des contacts que j ai eu en agence  je ne m attendais pas a des reponses si rapides par mail  les conseilleres prennent en compte mon projet professionnel et ca fait vraiment plaisir de voir que l on crois en moi et a mon projet  j espere arriver au bout de mes demarches pour cette reconversion  l accueil en agence est tres agreable et tres efficace    ;1;['content', 'contact', 'agenc', 'attend', 'repons', 'rapid', 'prennent', 'compt', 'plais', 'crois', 'demarch', 'reconvers', 'agenc'];content contact agenc attend repons rapid prennent compt plais crois demarch reconvers agenc;1
service injoignable   ;1;['servic', 'injoign'];servic injoign;1
la quintessence de la nullite dans toute sa splendeur    une equipe tres irresponsable qui  en plus de ne se relayer aucune information sur la presence ou abscence de leurs conseillers  vous fait culpabiliser sur un ton gratuitement arrogant de ne pas vouloir donner suite a vos mails  meme au dela des 48h de delai  et qui en prime se permettent de faire leur victimes au moindre argument courtois et constructif   faineantise et nonchalance sont les maitres mots du pole emploi de marmande   le reflet basique de la vieille mentalite lot et garonnaise  il ne faudra pas s etonner d etre meprises par les bordelais a l avenir    nullissime  ;1;['quintessent', 'nullit', 'splendeur', 'equip', 'irrespons', 'relai', 'presenc', 'abscenc', 'culpabilis', 'gratuit', 'arrog', 'vouloir', '48h', 'permettent', 'victim', 'argument', 'courtois', 'construct', 'faineantis', 'nonchal', 'maitr', 'marmand', 'reflet', 'basiqu', 'vieil', 'mentalit', 'lot', 'garonnais', 'eton', 'mepris', 'bordel', 'aven', 'nullissim'];quintessent nullit splendeur equip irrespons relai presenc abscenc culpabilis gratuit arrog vouloir 48h permettent victim argument courtois construct faineantis nonchal maitr marmand reflet basiqu vieil mentalit lot garonnais eton mepris bordel aven nullissim;0
a mon inscription j avais une conseillere geniale qui etait tres reactive par mail pour repondre a mes questions  on me l a change il y a quelques mois et la nouvelle ne traite aucun de mes mails  la elle s est permise de cloturer une conversation sur un questionnement concernant l actualisation avec comme motif  deja traitee      bah effectivement apres plus de 15 jours sans reponse j ai pu m actualiser car en devant trouver une nouvelle fois la reponse par moi meme    je ne mettrais evidemment pas tous les conseillers de ce pole emploi dans le meme panier car la premiere conseillere que j avais eu ete top  mais faites attention si vous vous inscrivez ici  vous prendrez le risque de potentiellement tomber sur des conseillers pas reactifs et si c est votre premiere inscription a pole emploi on peut avoir besoin d une personne qui puisse repondre a nos questions   decue ;1;['genial', 'reactiv', 'permis', 'clotur', 'traite', 'bah', 'effect', 'repons', 'repons', 'mettr', 'pani', 'top', 'inscriv', 'prendr', 'potentiel', 'tomb', 'reactif', 'person'];genial reactiv permis clotur traite bah effect repons repons mettr pani top inscriv prendr potentiel tomb reactif person;1
n informe pas l usager des demarches a suivre  ne repond pas aux mails lorsqu on appelle le conseiller n est jamais la on lui laissera le message       ;1;['usag', 'demarch', 'lorsqu', 'appel'];usag demarch lorsqu appel;1
rdv automatiques  on vous oblige a installer une application pour des consultations en visio qui ne servent a rien mais tu le fais car si pas c est avertissement motif de radiation  on ecrit a son conseiller par email mais pas de reponse etc etc  jj ai un rendez vous le 03 fevrier mais le meme rendez vous le 17 fevrier pour faire un point sur ma recherche d emploi   celui du 03 est annule pour celui du 17      je n ai pas besoin de vous   une prise d otage pour faire des salaires a des gens blases  au prix de l essence un rdv au telephone quand on est  deja venu c est suffisant ;1;['rdv', 'install', 'visio', 'avert', 'repons', 'jj', '03', '17', '03', '17', 'otag', 'salair', 'blas', 'prix', 'essenc', 'rdv', 'venu'];rdv install visio avert repons jj 03 17 03 17 otag salair blas prix essenc rdv venu;0
conseiller qui ne repondent jamais aux mails    engagez a repondre aux mails en 48h    en revanche  quand c est dans le sens inverse  la ca ne le fait pas ;1;['repondent', 'engag', '48h', 'revanch', 'invers'];repondent engag 48h revanch invers;1
impossible de les joindre par mail ou par telephone  j en ai plus qu assez de devoir constamment les contacter pendant 3 semaines ou plus pour un probleme qui peut se resoudre en 5 minutes  merci de bien vouloir nous notifier quand un e conseiller e part en vacances  puisque ceux ci ne prendront pas la peine de vous repondre   ps   j attends toujours au telephone apres 3 semaines   ;1;['const', 'contact', 'resoudr', 'vouloir', 'notifi', 'e', 'e', 'vacanc', 'prendront', 'p', 'attend'];const contact resoudr vouloir notifi e e vacanc prendront p attend;0
document envoye en a r et qui etait destine au directeur   ce n est meme pas lui qui repond   une honte  ;1;['docu', 'r', 'destin', 'directeur'];docu r destin directeur;0
apres mettre rendu sur place et avoir envoye un nombre de mails consequents  se n est qu une fois que que je partage mon agacement avec eux qu ils daignent enfin vouloir me repondre  pour me dire que ma conseillere est en vacances et me renvoyer vers un organisme avec qui j ai du prendre rdv  rdv qui a durer moins de 2min car il ne pouvais pas m aider  le mieux qu ils aient pu faire s est me renvoyer vers pole emploi en me conseillant de les harceler  de nouveau avec pole emploi et encore apres un nombre de mails consequents ma conseillere est bien rentrer et me renvoie cette fois ci vers la mission locale  je prends alors rdv avec la mission locale pour qu ils me disent que j aurais pu regler tout ca directement avec pole emploi eux meme ne comprenant pas pourquoi ils m ont renvoye vers eux   bref une belle bande d incompetent juste bon a se br  ler les  ;1;['partag', 'agac', 'daignent', 'vouloir', 'vacanc', 'renvoi', 'rdv', 'rdv', '2min', 'renvoi', 'harcel', 'renvoi', 'prend', 'rdv', 'disent', 'compren', 'renvoy', 'band', 'incompetent', 'br', 'ler'];partag agac daignent vouloir vacanc renvoi rdv rdv 2min renvoi harcel renvoi prend rdv disent compren renvoy band incompetent br ler;0
vous inquiete pas si je vous le dit final pour ma pomme pareil mes jours diminu sur mon espace client elle dit non non croyez moi moi sur  mon ecran ils diminu pas  on leur ecris ils  mettent 3 mois pour do ner la reponse eux envoye t un courrier et ils te laisse 15j;1;['inquiet', 'pomm', 'pareil', 'diminu', 'croi', 'ecran', 'diminu', 'ecris', 'mettent', 'do', 'ner', 'repons', 'courri', '15j'];inquiet pomm pareil diminu croi ecran diminu ecris mettent do ner repons courri 15j;1
j ai change un grand nombre de fois de conseille sans savoir pourquoi  des qu on envoie un mail pour poser une question on a comme reponse un truc deja tout fais  je ne suis pas un robot  vous etes paye pour conseiller les gens alors faites le correctement s il vous plait  cordialement ;1;['pos', 'repons', 'truc', 'robot', 'pay', 'plait'];pos repons truc robot pay plait;1
impossible de vous joindre;1;[];;1
service deplorable  mon dossier bloque pour un changement de region  ne reponds pas a leurs collegues d une autre region fait tout pour mettre des batons dans les roues   continuer de faire les fantomes cela vous va si bien ;1;['servic', 'deplor', 'dossi', 'region', 'collegu', 'region', 'baton', 'rou', 'fantom'];servic deplor dossi region collegu region baton rou fantom;1
deplorable   non seulement ils etait injoignables par telephone comme maintenant                                  momentanement   c est les autres agences qui prennent en charge les appels  rien a dire au moins ils reponds mais peuvent rien faire puisque c est pas mon agence   donc ca ne sert a rien   par e mail personne reponds depuis plus d un mois   demande d indemnisation pour conge non paye suite fermeture annuelle de l entreprise  pas traite depuis 3 mois ;1;['deplor', 'injoign', 'momentan', 'agenc', 'prennent', 'appel', 'agenc', 'e', 'person', 'indemnis', 'cong', 'pay', 'fermetur', 'annuel'];deplor injoign momentan agenc prennent appel agenc e person indemnis cong pay fermetur annuel;1
beaucoup de mal a les joindre   ;1;[];;-1
je suis un employeur  indifference totale  ne reponds pas au courrier  font des erreurs et me demande de faire des recours qui restent sans reponse;1;['employeur', 'indifferent', 'total', 'courri', 'recour', 'restent', 'repons'];employeur indifferent total courri recour restent repons;1
aucun accompagnement  mme yeti pas d experience  trop jeune  repond pas aux mail pas de telephone  idem pour service indemnite zero pointe  c est plutot pole pas emploi;1;['mme', 'yeti', 'jeun', 'idem', 'servic', 'indemnit', 'point'];mme yeti jeun idem servic indemnit point;0
ils ont aucune connaissance de leur metier  j ai deja eu 3 rdv loupe avec eux car ils ne mon pas appeler sur le bon numero    du coup  j ai eu un avertissement de radiation  oblige d envoyer des mails a leur agence  ce sont des specimens tres interessant  de plus  quand j etais a l agence pour la premiere fois  quelqu un ce moquais d un beneficiaire ouvertement  bravo l hypocrisie   ;1;['rdv', 'loup', 'appel', 'avert', 'agenc', 'specimen', 'agenc', 'moqu', 'beneficiair', 'ouvert', 'hypocris'];rdv loup appel avert agenc specimen agenc moqu beneficiair ouvert hypocris;1
je recommande le pole emploi de guingamp   en effet j ai demande plusieurs fois a avoir un rdv avec mes conseillers et ceux ci ont accepte que ce soit par mail   telephone   un rdv physique a l agence   ma conseillere s est meme deplacee jusqu a l agence de paimpol pour avoir un entretien sur mes demarches   j attends un financement pour une formation et j ai ete bien conseille pour savoir quels organismes contacter   felicitation pour votre patience et votre serieux a bientot   kenavo;1;['recommand', 'guingamp', 'rdv', 'rdv', 'agenc', 'deplace', 'agenc', 'paimpol', 'demarch', 'attend', 'financ', 'format', 'contact', 'felicit', 'patienc', 'bientot', 'kenavo'];recommand guingamp rdv rdv agenc deplace agenc paimpol demarch attend financ format contact felicit patienc bientot kenavo;0
ca fait plusieurs semaines que j ecris a ma conseillere et lui demande de me rappeler car son retour de mail ne repond pas a ma question  en vain   le contenu des mails est robotise et on ne sent pas de personnalisation ;1;['ecris', 'vain', 'contenu', 'robotis', 'personnalis'];ecris vain contenu robotis personnalis;1
les conseillers ne repondent pas aux messages  impossible d avoir quelqu un au telephone  ils mettent des mois a traiter les documents  resultat 1 mois de retard dans le traitement de mon dossier  personne ne veut m expliquer pourquoi je n ai toujours pas touche mes indemnites  alors que j ai fais toutes les demarches en temps et en heure  un manque de professionnalisme et d humanite totale ;1;['repondent', 'mettent', 'docu', 'retard', 'dossi', 'person', 'indemnit', 'demarch', 'professionnal', 'humanit', 'total'];repondent mettent docu retard dossi person indemnit demarch professionnal humanit total;1
le pire pole emploi que j ai connu     des trop percu sorti de nul part   apres 1 ans de travail en 35h je recois une indemnisation de 290   personne ne peut vivre avec ca et ca ne les preoccupe pas et ils ont auser recuperer une parti du trop percu la dessus    j ai envoyer des courrier avec accuser de reception sans reponse   demander a ma conseillere un rdv qu elle m a refuser en me disant de faire une reclamation sur le site pole emploi   je n est toujours pas us de reponse      dans mon dossier ce trouve des fiche de paie ne m appartenant pas   et apparament il ne peuvent pas les retirer   pendant un mois cette ete je n est rien percu sous pretexte que mon dossier n a pas ete traiter vu que ma conseillere etais en vacances    j ai fourni toute mes fiche de paye en allant en agence avec une conseillere qui m a dit que tout etais en ordre pour que 6 mois plus tard on me dise qu il en manque alors que j ai bien tous envoyer    franchement si vous avez l occasion d aller autre part faite le    ;1;['35h', 'indemnis', '290', 'person', 'preoccup', 'aus', 'recuper', 'part', 'dessus', 'courri', 'accus', 'repons', 'rdv', 'reclam', 'us', 'repons', 'dossi', 'pai', 'apparten', 'appar', 'retir', 'pretext', 'dossi', 'vacanc', 'pay', 'allant', 'agenc', 'ordre', 'occas'];35h indemnis 290 person preoccup aus recuper part dessus courri accus repons rdv reclam us repons dossi pai apparten appar retir pretext dossi vacanc pay allant agenc ordre occas;0
pas de retour de ma conseillere indemnisation apres plusieurs emails et demande de rdv    mon dossier ne peut avancer sans son retour    ;1;['indemnis', 'rdv', 'dossi'];indemnis rdv dossi;1
les conseillers de pole emploi villeurbanne ne servent a rien  ils ne repondent jamais aux mails ni ne vous rappellent pour honorer un entretien telephonique  de plus ils ne comprennent pas que lorsque vous etes personne a mobilite reduite et que vous dependez des transports en commun c est difficile de se rendre aux entretiens   c est une honte  ;1;['villeurbann', 'repondent', 'rappellent', 'honor', 'comprennent', 'person', 'reduit', 'depend', 'transport'];villeurbann repondent rappellent honor comprennent person reduit depend transport;1
lamentable inadmissible  pas de reponse aux mails apres 10j  alors que pole emploi s engage a repondre sous 48h apparement    la bonne blague  lorsqu on essaie de joindre l agence  un robot nous indique que   pole emploi a deja tente de vous contacter        ah bon      appeler le 3949   puis coupe immediatement  desolant ;1;['inadmissibl', 'repons', '10j', 'engag', '48h', 'appar', 'blagu', 'lorsqu', 'agenc', 'robot', 'contact', 'ah', 'appel', '3949', 'coup', 'immediat', 'desol'];inadmissibl repons 10j engag 48h appar blagu lorsqu agenc robot contact ah appel 3949 coup immediat desol;1
je suis tres mecontent du service de pole emploi villeurbanne      je contacte depuis plusieurs semaines par mail mon conseiller indemnisation car les donnees pour le calcul ne correspond pas a mon dernier salaire brut  3 semaines que j attends une reponse quand meme     j ai contacte mon autre conseillere  pas de reponse non plus     si ces personnes la travaillaient dans le prive  elles seraient virees   c est inacceptable et d un professionnalisme  honteux      du coup  toujours pas de versement pour mon indemnisation du mois de juin 2022  donc je me retrouve avec 0  pour payer mon loyer et mes factures     bravo    les personnes chargees de l accueil m ont quand meme bien recu mais non aucun droit sur ce sujet  seul le responsable hierarchique est prevenu de ma venue  mais vu que la situation n avance pas  ca doit etre aussi un sacre machot     et apres les francais en ont ras le bol  serieusement    on n est deja pas capable de nous reinserer professionnellement et de nous renseigner  continuez comme ca  ;1;['mecontent', 'servic', 'villeurbann', 'contact', 'indemnis', 'salair', 'attend', 'repons', 'contact', 'repons', 'person', 'vire', 'inaccept', 'professionnal', 'indemnis', 'juin', 'pai', 'person', 'charge', 'respons', 'hierarch', 'prevenu', 'venu', 'sacr', 'machot', 'ras', 'bol', 'capabl', 'reinser'];mecontent servic villeurbann contact indemnis salair attend repons contact repons person vire inaccept professionnal indemnis juin pai person charge respons hierarch prevenu venu sacr machot ras bol capabl reinser;0
mails qui restent sans reponse   jamais de rendez vous donner   3 ans que je suis a celle de wattrelos je ne connais meme pas la tete de la conseillere qui suis mon dossier car je ne l ai jamais vu  mais ce permet de vous appeler pour vous menacer car vous refuser de faire une reunion de recrutement   sachant que je chercher a faire une formation      a fuir de toute urgence  ;1;['restent', 'repons', 'wattrelos', 'tet', 'dossi', 'appel', 'format', 'fuir', 'urgenc'];restent repons wattrelos tet dossi appel format fuir urgenc;1
des gros bon a rien   ils bloque mon dossier et ne reponde pas au mail ni appel  ;1;['dossi', 'appel'];dossi appel;1
des employes qui ne repondent pas aux questions a condition que je me deplace  aucune adresse mail pour un contact le telephone ca sonne et ca coupe au nez  un parking tres petit par contre celui des employes pole emploi est grand et remplit pas pas totalement ;1;['repondent', 'condit', 'contact', 'son', 'coup', 'nez', 'parking'];repondent condit contact son coup nez parking;1
appel a pole emploi pour avoir un rendez vous avec un conseiller  etant inscrite depuis 7 mois sans aucun rendez vous     la standardiste ne me passe personne  ni ne me donne de rendez vous  elle me dit simplement j ai envoye un mail a la personne concernee   on vous recontacte      aucun respect des personnes qu ils ont au telephone  nous ne sommes que des machines   ;1;['appel', 'inscrit', 'standard', 'person', 'person', 'concerne', 'recontact', 'respect', 'person', 'machin'];appel inscrit standard person person concerne recontact respect person machin;1
je suis alle a pole emploi suite a un envoi de mail la on me dit que c est un questionnaire allor que non je soupconne que ca soit du fliquage   la je demande qui est mon conseiller ils sont incapable de me repondre   j ai deja ete mal traite par une conseillere qui a ete tres agressive envers moi   tout cela a fini en depression donc fixer des rendez vous tout les 15 jour ni changera rien et un renforcement non plus meme avec des preuves de recherche d emploi il sont jamais satisfait   mois j ai ete rabaisser j ai decide de me tourner vers les agences d interim au moins on nous traite mieux   je deconseille donc pol emploi;1;['questionnair', 'allor', 'soupcon', 'fliquag', 'agress', 'enver', 'depress', 'fix', 'chang', 'renforc', 'preuv', 'satisf', 'rabaiss', 'agenc', 'interim', 'deconseil'];questionnair allor soupcon fliquag agress enver depress fix chang renforc preuv satisf rabaiss agenc interim deconseil;0
je fait mes demarches chaques mois pour mon are pour finalement qu on me coupe tout sans prevenir et ne reponde pas au mail visite a l agence pour qu on me dise la conseillere est en arret  honteux je ne percois pas mes droits car la personne n est pas la   aberrant   ;1;['demarch', 'chaqu', 'coup', 'preven', 'visit', 'agenc', 'percois', 'person', 'aberr'];demarch chaqu coup preven visit agenc percois person aberr;1
20 ans de metiers  le pire service professionnels que j ai  affaires a eux   comment voulais vous  recruter si y a aucune communication dans cette agence   ne leurs faites jamais confiance  toujours leurs demandes une trace ecrites  ils ne repondent jamais ni aux telephones ni au mail      ;1;['servic', 'affair', 'agenc', 'trac', 'repondent'];servic affair agenc trac repondent;1
j aimerais que vous arrete avec vos reponses toute fait  arrete de lire votre traitement de texte   et soyez plus humain et pas aussi robotique;1;['repons', 'robot'];repons robot;1
plus de 8 jours que j ai envoyer un document qu ils ont demander imperativement toujours pas traiter ni ouvert le message  ;1;['docu', 'imper', 'ouvert'];docu imper ouvert;1
tres contente de la reactivite et les competences de certaines conseilleres ou responsables   par contre ma conseillere indemnisation 0   elle m a envoyee bouler sans meme essayer de comprendre ma situation  j ai du me deplacer apres presque 2 mois de mails  lui demandant un rdv qui n a jamais ete donne  ;1;['content', 'reactivit', 'respons', 'indemnis', 'envoye', 'boul', 'rdv'];content reactivit respons indemnis envoye boul rdv;1
j ai depose mon dossier a l agence le traitement etait vachement rapide;1;['dossi', 'agenc', 'vach'];dossi agenc vach;1
je n ai jamais eu de soucis avec mes precedents conseillers pole emploi  malheureusement je suis tombe sur madame lisowski  une personne desagreable au telephone  qui ne repond qu a certains mails et qui n a aucun sens du conseil  elle aurait besoin d une conseillere d orientation pour sa propre carriere professionnelle;1;['souc', 'lisowsk', 'person', 'orient', 'propr'];souc lisowsk person orient propr;0
ca ne vaut meme pas 1 etoile  impossible d avoir des reponses  on refuse de vous donner un rendez vous  on ne repond pas a vos mails  on vous dit de correspondre par le formulaire reclamation mais impossible d y joindre un courrier  et au final  on finit par vous repondre qu on ne retrouve pas votre dossier  y a t il quelqu un de competent dans cette boite      ;1;['vaut', 'repons', 'correspondr', 'formulair', 'reclam', 'courri', 'dossi', 'competent'];vaut repons correspondr formulair reclam courri dossi competent;1
service catastrophique  il y a deux ans j ai ete contractuel pendant 6 mois en fonction publique  depuis  j ai eu d autres emplois dans le secteur prive  mais pole emploi refuse de me donner mes allocations chomage sous pretexte que je depends toujours de cette mairie   et ce  malgre de leur avoir envoye une attestation de la dite mairie qui specifie que mes droits chez eux sont termines depuis perpette    une honte le pole emploi ;1;['servic', 'contractuel', 'alloc', 'chomag', 'pretext', 'depend', 'mair', 'attest', 'mair', 'specif', 'perpet'];servic contractuel alloc chomag pretext depend mair attest mair specif perpet;0
incompetence    pour une demande d aide a la creation d entreprise  apres 5 mois d attente pour avoir une reponse a mon dossier  des pieces justificatives complementaires envoye rapidement sans faire avancer le dossier  une grosse dizaine d appel avec des conseillers different quasiment a chaque fois  personne ne m a rappele ou meme tenu au courant  a par la derniere personne eu au telephone que je remercie  une conseillere fantome        un referent metier qui ne li pas ses mails ou qui glande dans un bureau on ne sait pas    merci pole emploi  me sortez pas l excuse du covid  tout cela pour avoir une reponse    tellement desespere que j attendais plus rien d eux  ps  inscrit depuis juillet dossier  lance debut septembre clos a la mi janvier              ;1;['incompetent', 'repons', 'dossi', 'justif', 'complementair', 'dossi', 'gross', 'dizain', 'appel', 'quas', 'person', 'tenu', 'person', 'fantom', 'li', 'gland', 'bureau', 'covid', 'repons', 'desesper', 'attend', 'p', 'inscrit', 'juillet', 'dossi', 'lanc', 'clos', 'mi'];incompetent repons dossi justif complementair dossi gross dizain appel quas person tenu person fantom li gland bureau covid repons desesper attend p inscrit juillet dossi lanc clos mi;1
le 1 represente zero c est minable impossible d avoir pole emploi ils disent que j ai recu un code se n est pas vrai et maintenant vous trouvez du travail ils vous ecrivent a vous faire casser les bonbons;1;['represent', 'minabl', 'disent', 'ecrivent', 'cass', 'bonbon'];represent minabl disent ecrivent cass bonbon;0
si je pouvais mettre 0 je le ferais  jamais vu des gens aussi incompetents de ma vie  enfin si  la cnav ile de france  je perds un emploi au lieu de me regler mes indemnites  on me reclame 1500 euros de trop percu sans raison  aucune prise en compte des contestations  par mail  ils ne font rien  par telephone pareil    c est une honte      au lieu de me payer  ils reclament de l argent de facon injustifiee    aucun service dans ce pays ne fonctionne correctement  c est incroyable autant d incompetence a tous les niveaux dans ce pays   ;1;['incompetent', 'cnav', 'ile', 'perd', 'indemnit', 'reclam', '1500', 'euros', 'compt', 'contest', 'pareil', 'pai', 'recl', 'argent', 'injustifie', 'servic', 'pay', 'incompetent', 'niveau', 'pay'];incompetent cnav ile perd indemnit reclam 1500 euros compt contest pareil pai recl argent injustifie servic pay incompetent niveau pay;0
nous avons des conseilleres mais je me demande bien a quoi servent t elles car elle nous bloque la conversation et nous ne pouvons plus leurs envoyer des mails lorsque l on a besoin de poser une question  c est vraiment du n importe quoi   ;1;['pouvon', 'pos'];pouvon pos;1
on arrive contacter personne  je voulais faire publier une annonce  c est un desastre ;1;['contact', 'person', 'publi', 'desastr'];contact person publi desastr;1
pfff incroyable impossible de les joindre des incapable     si je pouvais mettre 0 etoiles je l aurais fait;1;['pfff'];pfff;1
un courrier recu le 20 06 pour m avertir d un rdv fixe le lendemain 21 juin a 9h40  en 2eme courrier  soit disant  envoye la veille pour decaler celui ci le meme jour  aujourd hui  a 14h40  ce courrier je l aurai sans doute demain ou apres demain     voila ce que l on m annonce au telephone lorsque etonnee que le rdv de 9h40 ne soit pas honore  je reussis a les joindre  pas une mince affaire  soit dit en passant    et je me fais enguirlander par ma nouvelle conseillere  je n ai jamais eu un conseiller pe aussi desagreable et hautain  au telephone car hier parait il on a aussi appele sur mon fixe  mais pas sur le portable alors qu ils ont mon n    car il faudrait que j ecoute ma boite vocale tous les jours  toutes les heures  peut etre meme toutes les minutes     mais au fait  pourquoi ne pas avoir tout simplement decale de quelques jours ce rdv si on ne pouvait l honorer tel qu il etait fixe au depart    quelle volonte se cache derriere cette facon d agir    et en plus mr google m oblige a leur mettre une etoile  pffff  dans quel monde merveilleux nous vivons   ;1;['courri', '06', 'avert', 'rdv', 'fix', 'lendemain', '21', 'juin', '9h40', '2em', 'courri', 'veil', 'decal', '14h40', 'courri', 'demain', 'demain', 'etonne', 'rdv', '9h40', 'honor', 'reuss', 'minc', 'affair', 'enguirland', 'hautain', 'hi', 'par', 'appel', 'fix', 'portabl', 'vocal', 'decal', 'rdv', 'honor', 'tel', 'fix', 'volont', 'cach', 'derrier', 'agir', 'mr', 'googl', 'pffff', 'merveil', 'vivon'];courri 06 avert rdv fix lendemain 21 juin 9h40 2em courri veil decal 14h40 courri demain demain etonne rdv 9h40 honor reuss minc affair enguirland hautain hi par appel fix portabl vocal decal rdv honor tel fix volont cach derrier agir mr googl pffff merveil vivon;0
honteux impossible de les joindre par tel par mail aucun retour et aucun appel de leur part;1;['tel', 'appel'];tel appel;1
conseiller qui change sans arret  ne repond jamais aux mails de facon precise ;1;[];;1
radiee pour 3 mois alors que j etais a l hopital   je l avais prevenu par mail   c est rigolo c est comme ca que vs aidez les gens   vs etes payes a rien faire et vs avez le culot de radier parce que vos appelles sont si utile pour  ns  vs etes inutile  ;1;['radie', 'hopital', 'prevenu', 'rigolo', 'v', 'v', 'pay', 'v', 'culot', 'radi', 'appel', 'util', 'n', 'v'];radie hopital prevenu rigolo v v pay v culot radi appel util n v;1
pour definition  ne sert a rien   prendre un rdv perdre une demi journee pour arriver et me dire vous venez pourquoi en sachant qu on avait parle de mes projets par mail   aucun travail sur le rdv et par telephone plus hautaine c est du jamais vu   il faudrait peut etre leur rappeler que ce ne sont que des conseillers pole emploi et rien d autre   donc donner des lecons de vies a d autre   a fuir    ;1;['definit', 'rdv', 'dem', 'rdv', 'hautain', 'lecon', 'vi', 'fuir'];definit rdv dem rdv hautain lecon vi fuir;0
quelle deception     des visites physiques en agence  on vous dit cependant que vous n etes jamais venu   des mails  on vous dit que vous n etes pas entres en relation   et rien   juste une incompetence notoire  j ai pourtant cherche des circonstances attenuantes  manque de ressources   cas particulier    mais sans succes puisque nous avons fourni a de multiples reprises les preuves formelles de nos droits   on vous fait comprendre que vous devez etre stup de  accessoirement de mauvaise foi   que vous ne pouvez pas avoir raison  que vous n avez droit a rien et qu il est inutile d insister  c est leur metier apres tout    mais ne generalisons pas  il y a sans doute des personnes  biens   comme partout  nous n avons pas eu la chance de tomber dessus   outre le cleiss  il aura fallu recourir au mediateur regional  et national  pour avoir gain de cause apres de multiples reclamations refusees et obtenir le fameux formulaire u2 qui nous permet enfin de faire valoir nos droits   bien sur  aucune excuse ou message de compassion pour tous les efforts deployes pendant plus d un mois avant et apres avoir quitte ce pays pour ce qui s apparente a un veritable combat administratif face a des agents bornes   restez humbles  ne meprisez pas les personnes qui vous rendent visite et vous sollicitent  ne pensez pas tout savoir car visiblement  vous ne savez pas tout  heureusement cela vous permettra  je l espere  de traiter d autres personnes mieux que nous si ce cas de figure se represente ;1;['decept', 'visit', 'agenc', 'cepend', 'venu', 'entre', 'incompetent', 'notoir', 'circonst', 'attenu', 'ressourc', 'succ', 'preuv', 'formel', 'stup', 'accessoir', 'foi', 'insist', 'generalison', 'person', 'partout', 'tomb', 'dessus', 'outr', 'cleiss', 'fallu', 'recour', 'mediateur', 'regional', 'national', 'gain', 'reclam', 'fameux', 'formulair', 'u2', 'valoir', 'compass', 'effort', 'deploy', 'quitt', 'pay', 'apparent', 'combat', 'administr', 'fac', 'agent', 'born', 'rest', 'humbl', 'mepris', 'person', 'rendent', 'visit', 'sollicitent', 'visibl', 'sav', 'permettr', 'person', 'figur', 'represent'];decept visit agenc cepend venu entre incompetent notoir circonst attenu ressourc succ preuv formel stup accessoir foi insist generalison person partout tomb dessus outr cleiss fallu recour mediateur regional national gain reclam fameux formulair u2 valoir compass effort deploy quitt pay apparent combat administr fac agent born rest humbl mepris person rendent visit sollicitent visibl sav permettr person figur represent;0
mon experience a l agence pole emploi est mitigee  chaque rendez vous ou prise en compte de mes demandes dependent du conseiller que j ai eu en face de moi ou par echange de courriel ;1;['agenc', 'mitige', 'compt', 'dependent', 'fac', 'courriel'];agenc mitige compt dependent fac courriel;1
pire agence de pole emploi que je n ai jamais connu    j ai du etre affilie a cette agence du a un changement d adresse  je fais le premier pas de prise de contact avec eux par mail  je n ai aucun retour  ensuite je tente de les joindre par le numero 3949  aucun retour    une vraie agence fantome ;1;['agenc', 'affil', 'agenc', 'contact', '3949', 'vrai', 'agenc', 'fantom'];agenc affil agenc contact 3949 vrai agenc fantom;1
alors moi je crois que j ai le palmares jappel pour savoir comment faire mon actualisation resultat on m envoie un courrier me disant que j ai appele pour me faire radier resultat hop procedure contre pole emploi pas de chance jai l enregistrement et ma declaration mensuelle juste aprres la conversation telephonique  je vous lacherai pas  surtout quand on arrete son activite pour handicap;1;['crois', 'palmar', 'jappel', 'courri', 'appel', 'radi', 'hop', 'procedur', 'declar', 'aprre', 'lach', 'handicap'];crois palmar jappel courri appel radi hop procedur declar aprre lach handicap;1
tres mauvais avis sur pole emploi sallanches  j ai recu recemment un mail de leur part pour soit disant trop percu  alors que j etais sous contrat cdi alors que j ai rien touche de pole emploi  du vol et prochainement un courrier vous sera transmis  c est inadmissible;1;['mauv', 'sallanch', 'recent', 'contrat', 'cdi', 'vol', 'courri', 'inadmissibl'];mauv sallanch recent contrat cdi vol courri inadmissibl;0
tres reactif  inscription faite le 15 juin appel de leur part le 20   mail envoye pour probleme de documents le 22 juin matin  appel de leur part dans la foulee    agreablement surprise bravo a vous et merci vraiment ;1;['reactif', 'juin', 'appel', 'docu', '22', 'juin', 'appel', 'foule'];reactif juin appel docu 22 juin appel foule;1
du personnel qui ne sert strictement a rien une conseillere qui n est jamais disponible meme part e mail  a fuirent meme pour une reconversion professionnelle il ne faut rien faire a eux il serve a rien;1;['personnel', 'strict', 'e', 'fuirent', 'reconvers', 'serv'];personnel strict e fuirent reconvers serv;1
eclate   ma conseillere cloture mon dossier sans donner explications quand elle repond aux mails  elle le lit a moitie  bonjour  l aide   je comprends pourquoi les gens ont peur de l administration  ;1;['eclat', 'clotur', 'dossi', 'lit', 'moit', 'peur', 'administr'];eclat clotur dossi lit moit peur administr;1
referente a l ouest j ai trouve la formation seul   m appelle le matin en plein entretien avec une entreprise pourtant je l avais averti par mail me place dans des recherches d emploi qui n a rien a voir avec mes attentes je comprends mieux pourquoi le taux de chomage et aussi eleve en france pole emplois arrete d embauche des conseillers qui comprennent rien et qui n arrive pas a aligner deux mots  heureusement je rentre en formation d ici peu bon courage au demandeur d emplois il vous en faudra dans cette agence;1;['ouest', 'format', 'appel', 'avert', 'taux', 'chomag', 'elev', 'comprennent', 'align', 'format', 'courag', 'agenc'];ouest format appel avert taux chomag elev comprennent align format courag agenc;1
modification constantes de leurs horaires et jours d ouverture et le service telephonique nous fait croire que de 8h a 12h30 tous leurs conseillers sont deja en ligne     donc au final je n arrive jamais a avoir quelqu un pour m aider  par contre pour nous envoyer des mails le samedi alors que tout est ferme et nous dire le lundi suivant que nous avons trop mis de temps pour leur repondre la c est les champions   possible que je tombe toujours sur la personne incompetente car j en entend du bien mais a un moment donne il y a de quoi peter un cable  ;1;['const', 'horair', 'ouvertur', 'servic', '8h', '12h30', 'samed', 'ferm', 'lund', 'champion', 'person', 'incompetent', 'entend', 'cabl'];const horair ouvertur servic 8h 12h30 samed ferm lund champion person incompetent entend cabl;0
avoir son propre conseiller c est bien     mais avoir un conseiller qui nous repond c est mieux   bref  on abandonne apres 4 messages en plusieurs semaines et jamais de retour  en meme temps  plus personne n est etonne des services particulierement mediocre de pole emploi ;1;['propr', 'abandon', 'person', 'eton', 'servic', 'mediocr'];propr abandon person eton servic mediocr;1
mauvais tres mauvais  je cree mon compte  pour la troisieme fois  incapable d enregistre mon compte bravo les flemmardes   on m envoie le mail de confirmation  reponse   404 erreur la page que vous avez demander n est pas disponible     et dire que je doit m inscrire apres mes probleme de sante  eh beh    ;1;['mauv', 'mauv', 'compt', 'troisiem', 'compt', 'flemmard', 'repons', '404', 'sant', 'eh', 'beh'];mauv mauv compt troisiem compt flemmard repons 404 sant eh beh;0
experience catastrophique  en arret maladie depuis le 28 01 2021  pole emploi n est pas capable d enregistrer correctement mes documents pour les transmettre a la securite sociale  j ai renouvele 3 fois les envois avec des documents parfaitement lisibles  leur reponse est systematique   documents non pris en compte illisibles  de plus  la transmission en direct sur leur site ne fonctionne jamais depuis plusieurs moi   c est une cage a clows  je suis excede;1;['malad', '01', 'capabl', 'docu', 'securit', 'renouvel', 'envois', 'docu', 'lisibl', 'repons', 'docu', 'compt', 'illisibl', 'cag', 'clow', 'exced'];malad 01 capabl docu securit renouvel envois docu lisibl repons docu compt illisibl cag clow exced;0
bonjour  je partage mon experience degoutante avec pole emploi de chelles  j envoie le mail a ma conseille jamais une reponse au retour  j appelle 3949 pour ma situation  j aimai qu on me donne le meme reponse quand meme on est dans une service d etat   aucune possibilite de prendre rendez vous sur espace personnel ni en agence  c est pas normal qu on souffre pour nos droits  dans le cas contraire vous avez tout le courage du monde derriere nous  merci de prendre la situation des gens au serieux  c est le seul agence que je connais dans ma vie qu il y a aucune possibilite de contacter avec ton conseille  et j aimerais pas avoir d autres je conseil a mes ennemis;1;['partag', 'degout', 'chel', 'repons', 'appel', '3949', 'repons', 'servic', 'personnel', 'agenc', 'souffr', 'courag', 'derrier', 'agenc', 'contact', 'ennem'];partag degout chel repons appel 3949 repons servic personnel agenc souffr courag derrier agenc contact ennem;1
en tant que professionnel nous n avons pas la possibilite de les joindre directement  c est tres difficile soit par telephone ou un mail directement pour les employeurs  existe t il  ;1;['employeur'];employeur;1
de tres bons accompagnants impliques et motives avec de multiples moyens pour les contacter en cas de besoins ;1;['impliqu', 'motiv', 'contact', 'besoin'];impliqu motiv contact besoin;1
je suis allee plusieurs fois au polemploi et je peux les joindre par mail jamais aucun souci j ai tjrs mes reponses et rapidement merci;1;['polemploi', 'souc', 'tjr', 'repons'];polemploi souc tjr repons;1
j ecris se petit mot je pense il sont deborder il peuvent  pas aider   tous le monde moi pour ma par je fais des mail j ai pas beaucoup de retours ces comme sa y a la situation sanitaire et un conseille pole emploi il a entre 500 et 900 demandeur d emploi dans sont porte feuille ces impossible d aider tout le monde;1;['ecris', 'debord', 'sanitair', '500', '900'];ecris debord sanitair 500 900;1
je suis allee plusieurs fois au polemploi et je peux les joindre par mail jamais aucun souci j ai tjrs mes reponses et rapidement merci;1;['polemploi', 'souc', 'tjr', 'repons'];polemploi souc tjr repons;1
impossible de contacter l agence  les personnes qui travaillent dans cette agence essayent de fuir le travail  a quoi bon payer des personnes a rien faire  netflix doit etre la principale activite dans cette agence  ;1;['contact', 'agenc', 'person', 'travaillent', 'agenc', 'essayent', 'fuir', 'pai', 'person', 'netflix', 'agenc'];contact agenc person travaillent agenc essayent fuir pai person netflix agenc;1
0 etoile impossible   comme tt les avis laisser cela fais 1 mois que je bataille pour un rdv avec ma conseillere mme lamy francoise qui refuse de me recevoir car apres 9 mail sans reponse j ai envoyer un mail sale qui a obtenu une reponse on ne peut pas changer de conseiller meme le matin c est compliquer de voir quelqu un qui est serieux pole emploi a eviter personnel incompetent hautain s enerve en cas de desaccord bref tres mauvais experience heureusement que l on ne compte pas sur pole emploi pour trouver un travail;1;['tt', 'bataill', 'rdv', 'mme', 'lamy', 'francois', '9', 'repons', 'sal', 'obtenu', 'repons', 'personnel', 'incompetent', 'hautain', 'enerv', 'desaccord', 'mauv', 'compt'];tt bataill rdv mme lamy francois 9 repons sal obtenu repons personnel incompetent hautain enerv desaccord mauv compt;1
voici pourquoi je met 1 etoile  impossible de mettre moins     pas de possibilite de joindre son ou sa conseillere par telephones ou par mails   les courriels et mails envoye restent sans reponses   les platformes d appels sont dans l incapacite d acceder a toute vos informations   il n est pas possible d avoir un rendez vous   il n est pas possible d entrer dans l agence meme aux horaires sans rendez vous   par concequent je me demande encor si pole emplois vernon est un genr de forteresse   une societe ecran   une communote occulte voulant vivre loins de toutes formes de communication exterieurs   ou peut etre renferment ils un tresors d une valeur insoupsonne dont nos vies de simples mortels en sucomberaient a la folie si nous venions a le decouvrir  et de ce fait  chercheraient ils donc a nous en premunires   j espere en obtenir les reponses un jour  mais cette quete vers la verite et la connaissance me semble vaine ;1;['voic', 'courriel', 'restent', 'repons', 'platform', 'appel', 'incapacit', 'entrer', 'agenc', 'horair', 'concequent', 'encor', 'vernon', 'genr', 'forteress', 'ecran', 'communot', 'occult', 'exterieur', 'renferment', 'tresor', 'valeur', 'insoupson', 'vi', 'simpl', 'mortel', 'sucomb', 'fol', 'venion', 'decouvr', 'cherch', 'premunir', 'repons', 'quet', 'vain'];voic courriel restent repons platform appel incapacit entrer agenc horair concequent encor vernon genr forteress ecran communot occult exterieur renferment tresor valeur insoupson vi simpl mortel sucomb fol venion decouvr cherch premunir repons quet vain;1
lamentable  on a beau essayer d appeler  on ne peu plus  car on a juste le droit a un repondeur  si on veux contacter sa conseillere  c est pareil on envoie des mails qui reste malheureusement tres souvent sans reponse  on veux un rendez vous avec sa conseillere et bien c est pas possible  il faut donc ce deplacer le matin quand il recois sans rendez vous et raler  c est vraiment de pire en pire  si je pouvais couper tout cela je le ferais  mais malheureusement je ne trouve que des cdd donc je suis bloquee ;1;['appel', 'repondeur', 'contact', 'pareil', 'repons', 'ral', 'coup', 'cdd', 'bloque'];appel repondeur contact pareil repons ral coup cdd bloque;1
aucune etoiles des incompetents demande des documents ne les traites pas ne reponds jamais au mails par contre pour des trops percus ils ont reactifs    ;1;['incompetent', 'docu', 'trop', 'percus', 'reactif'];incompetent docu trop percus reactif;1
si vous avez besoin de rien  vous etes a la bonne adresse  conseiller e s qui utilisent des pretextes fallacieux pour ne pas accorder ni meme ne serait ce que faire demande  de certaines aides  aucune empathie face aux difficultes  si vous etes un peu trop insistant par mail  ca ne prends meme plus la peine de vous repondre  par contre c est reactif sur les radiations la y a pas de probleme hein    ;1;['e', 'utilisent', 'pretext', 'fallaci', 'accord', 'empath', 'fac', 'insist', 'prend', 'reactif', 'radiat', 'hein'];e utilisent pretext fallaci accord empath fac insist prend reactif radiat hein;1
alala   j en ai tellement a dire    vous etes la honte de pole emploi  j ai toujours ete suivi dans un autre departement et tres bien suivi d ailleurs   depuis que j habite ici c est a se demander si ils ne veulent pas nous radier a tout prix  effectivement on m a radie alors que je travail a mi temps   donc ce mois ci j ai eu la surprise  apres mon actualisation  de vois que je ne vais rien toucher de votre part ni de la part de caf rien du tout  vivre avec 700  et un enfant  un loyer  des charges  une assurance maison et voiture     vous etes la pire agence qui existe  et vous   vous etes pas tenue a faire certaines choses   comme repondre au question qu on vous pose   ou vous proposez des emplois en lien avec vos competences   il me semble que oui  pourtant  mis a part recevoir des offres d emploi par mail qui ne me correspondent pas  je n ai rien eu de votre part  ma conseillere   incapable de repondre a des questions pourtant tres simple  on devrait vous aussi vous sucre votre paie messieurs dames les conseillers  ca marche pas que dans un sens  quand on est incapable de faire son boulot correctement  on s abstient   quand on voit a quoi vous etes paye mon dieu  pauvre france;1;['alal', 'habit', 'veulent', 'radi', 'prix', 'effect', 'mi', 'vois', 'caf', '700', 'charg', 'assur', 'maison', 'voitur', 'agenc', 'tenu', 'lien', 'offre', 'correspondent', 'sucr', 'pai', 'messieur', 'boulot', 'abstient', 'voit', 'pay', 'dieu', 'pauvr'];alal habit veulent radi prix effect mi vois caf 700 charg assur maison voitur agenc tenu lien offre correspondent sucr pai messieur boulot abstient voit pay dieu pauvr;0
jamais de reponse     j ai essaye de les contacter par mail  par telephone  message vocaux  jamais de reponse  c est honteux ;1;['repons', 'contact', 'vocal', 'repons'];repons contact vocal repons;1
demandeur d emploi depuis peu  je n ai tjrs pas ete indemnisee pour le mois d avril alors que nous sommes le 10 04 23  aucune reponse aux mails envoyes et au telephone personne ne peux me dire quel est la raison de cette situation  bref vous pouvez crever la gueulle ouverte  tout le monde s en tape ;1;['tjr', 'indemnise', '04', '23', 'repons', 'person', 'crev', 'gueull', 'ouvert', 'tap'];tjr indemnise 04 23 repons person crev gueull ouvert tap;0
meme une etoile c est trop  des conseillers inexistants  jamais de reponses aux mails  des conversations cloturees alors que personne ne vous a contacte  c est au bonheur la chance avec eux  et puis avec vos histoires  de trop percu  du matin au soir ca va deux minutes  j ai rarement vu un service aussi claque que celui ci  ;1;['inexist', 'repons', 'cloture', 'person', 'contact', 'bonheur', 'histoir', 'soir', 'rar', 'servic', 'claqu'];inexist repons cloture person contact bonheur histoir soir rar servic claqu;0
echange par mail inutile   ;1;[];;1
ne repond jamais aux mails et me demande de rembourser des choses deja remboursees ;1;['rembours', 'rembourse'];rembours rembourse;1
je ne vais parler de l agence en elle meme car j effectue mes demarches via le 3949 qui jusqu ici avait toujours etait irreprochable en terme d accueil  d ecoute et d informations  je vais etre totalement factuelle  j appelle suite a un courrier recu que je conteste  le conseiller qui me prend en ligne  deja meme pas un bonjour  il n ecoute pas ce que je lui dis et de facon agressive me dit  mais c est quoi votre question   je lui explique qu il n y a pas de questions mais une incomprehension sur les informations qu ils ont et que j avais indiquees  il m indique d envoyer un email et qu on me repondra dans 2 semaines et il raccroche dans ma figure sans au revoir  ou autre  je trouve cela vrt deplorable  si ce monsieur est agace par les demandeurs d emploi  qu il change de metier;1;['agenc', 'demarch', '3949', 'irreproch', 'factuel', 'appel', 'courri', 'contest', 'agress', 'incomprehens', 'indique', 'raccroch', 'figur', 'revoir', 'vrt', 'deplor', 'agac'];agenc demarch 3949 irreproch factuel appel courri contest agress incomprehens indique raccroch figur revoir vrt deplor agac;0
je remercie l equipe de cette agence pole emploi pour sa disponibilite et sa reactivite   n hesitez pas a les contacter par telephone  meme si l attente est de 15 minutes  ou a vous deplacer car il ya trop de delais pour le traitement des emails   de plus  l espace personnel en ligne est dysfonctionnel et peut rapidemment decourager a faire valoir ses droits ;1;['equip', 'agenc', 'disponibilit', 'reactivit', 'hesit', 'contact', 'ya', 'personnel', 'dysfonctionnel', 'rapident', 'decourag', 'valoir'];equip agenc disponibilit reactivit hesit contact ya personnel dysfonctionnel rapident decourag valoir;1
mon fils devait etre rappele pour un entretien telephonique de bilan de competence le 4 10  il attend toujours    merci pour ce lapin    depuis il essaie de fixer une nouvelle date par mail ou telephone sans succes ;1;['fil', 'competent', 'attend', 'lapin', 'fix', 'succ'];fil competent attend lapin fix succ;1
bonjour mon  allocations est bloque on ne sais pourquoi  j appelle donc le 3949 conseillere telephonique execrable alors que je m informe juste de ma situation madame me dis qu elle ne peux rien faire que je n ai qu a contacter ma conseillere pars mail   qui repond une fois sur 3 chose que jai tenter de lui explique mais elle ne me laissais pas parler  elle me dis  de ne surtout pas les rappeler que ca ne sers a rien  je decide de rappeler et je tombe sur un jeune homme super sympa qui m a expliquer que ma situation serai regle d ici vendredi;1;['alloc', 'appel', '3949', 'execr', 'contact', 'par', 'tent', 'ser', 'jeun', 'homm', 'vendred'];alloc appel 3949 execr contact par tent ser jeun homm vendred;1
quand votre  conseiller  indemnisation  vous repond qu il n a pas la possibilite d ouvrir ce type de documents   des pdf     que vous lui avez envoyee par mail   on croit rever  c est bien la seule administration en 2023 qui peut encore vous repondre cela   j ai signale cela a leurs services  j attends toujours la reponse  hahaha    des blaireaux   ;1;['indemnis', 'docu', 'pdf', 'envoye', 'croit', 'rev', 'administr', 'servic', 'attend', 'repons', 'hahah', 'blaireau'];indemnis docu pdf envoye croit rev administr servic attend repons hahah blaireau;0
mon contrat n ayant pas ete renouvele apres plusieurs annees et  j ai  eu bien du mal a obtenir de l administration employeuse les documents   sur les 3 dernieres annees   necessaires au calcul d indemnites qui se revelent a 40   du dernier salaire brut d un smic   c est la double peine non   a deux ans de prendre une retraite   a 67 ans  qui me semble meritee  cela ne va pas arranger les affaires n est ce pas   je mets 1 etoile parce que l on ne peut faire moins pour temoigner  pa moyen de joindre quelqu un  de prendre un rdv  tout le monde se defile et en plus les reponses passent par plusieurs canaux  ce qui embrouille le dossier  je suis triste et fatigue de tout ca et rien n est fait pour ameliorer ;1;['contrat', 'renouvel', 'administr', 'docu', 'dernier', 'indemnit', 'revelent', '40', 'salair', 'smic', 'doubl', 'retrait', '67', 'merite', 'arrang', 'affair', 'temoign', 'pa', 'rdv', 'defil', 'repons', 'passent', 'canal', 'embrouill', 'dossi', 'trist', 'fatigu'];contrat renouvel administr docu dernier indemnit revelent 40 salair smic doubl retrait 67 merite arrang affair temoign pa rdv defil repons passent canal embrouill dossi trist fatigu;0
plus de six mois pour traiter un dossier on demande des documents sans preciser ou on se les procurer  plus d un mois pour avoir des reponses aux papiers envoyes  deux semaines pour des reponses aux reclamations  aucune nouvelles face aux e mails envoyes aux conseillers  jamais de reponses a certaines questions ou alors tres vague  et encore quand on nous repond   les employes n ont pas l air eux memes de comprendre les questions  on te raccroche au nez au telephone  le pire pole emploi que j ai jamais vu    impossible d envoyer certains documents sur le site obliges de passer par la poste   si le delai est de un mois par internet mon dossier sera surement traite l annee prochaine    la situation des bosseurs on s en balance completement apparemment chez pole emploi tout le monde arrive a payer son loyer et a manger plus de deux semaines par mois  et faut pas etre trop bosseur et trop francais pour avoir des aides;1;['six', 'dossi', 'docu', 'procur', 'repons', 'repons', 'reclam', 'fac', 'e', 'repons', 'vagu', 'air', 'raccroch', 'nez', 'docu', 'internet', 'dossi', 'sur', 'bosseur', 'balanc', 'apparent', 'pai', 'mang', 'bosseur'];six dossi docu procur repons repons reclam fac e repons vagu air raccroch nez docu internet dossi sur bosseur balanc apparent pai mang bosseur;1
dans le cadre d un projet de creation d entreprise  je suis tres satisfaite de mon 1er rdv avec une conseillere qui a ete ponctuelle  tres agreable  a l ecoute et qui a su me conseiller pour des demarches pertinentes pour demarrer les etapes  j espere pouvoir retrouver cette personne pour la suite  petits bemols sur   couacs   informatiques et reception des mails  j espere que tout se passera pour le mieux ;1;['satisfait', 'rdv', 'ponctuel', 'demarch', 'pertinent', 'demarr', 'etap', 'person', 'bemol', 'couac'];satisfait rdv ponctuel demarch pertinent demarr etap person bemol couac;0
j envoie un courrier important pour que 5 jours plus tard je recois le courrier que j avais envoye sans aucune explication ni comprehension   comme ca  jamais vue ca de ma vie ;1;['courri', 'courri'];courri courri;1
je rejoins les avis precedents  les   conseillers    notamment monsieur mohamed b ne respectent pas les gens  impossible de les contacter ou d obtenir un rendez vous car en effet cette personne ne prend pas la peine d etudier mes mails en cloturant la conversation systematiquement   radiations a tout va et l accueil au sein de cette agence est deplorable  si je retrouve du travail ce ne sera pas grace a vous car le suivi est nul;1;['rejoin', 'mohamed', 'b', 'respectent', 'contact', 'person', 'etudi', 'clotur', 'radiat', 'sein', 'agenc', 'deplor'];rejoin mohamed b respectent contact person etudi clotur radiat sein agenc deplor;1
inadmissible   je ne suis plus inscrite a pole emploi et n ai donc plus acces a mon profil candidat   il y a une semaine j ai fait une demande de documents en leur indiquant mon probleme  les documents ont ete envoye sur mon ancien profil  donc inaccessible    quand on est plus candidat on ne peut pas envoyer de mail  apres plusieurs tentatives par le meme formulaire  par une autre adresse email   ni par telephone car sans identifiant et mot de passe  on n a aucune chance d avoir quelqu un au telephone    je vais etre oblige de me deplacer a l agence alors que les horaires d ouverture sont les memes que celles de mon travail   donc pour resumer   je vais devoir prendre sur mon temps de travail pour recuperer une attestation que j aurais pu avoir par email ou par telephone si cela avait ete possible    c est une honte en bientot 2023 de ne pas avoir un contact facile avec eux sans etre candidat ;1;['inadmissibl', 'inscrit', 'profil', 'docu', 'docu', 'profil', 'inaccessibl', 'tentat', 'formulair', 'identifi', 'agenc', 'horair', 'ouvertur', 'cel', 'resum', 'recuper', 'attest', 'bientot', 'contact'];inadmissibl inscrit profil docu docu profil inaccessibl tentat formulair identifi agenc horair ouvertur cel resum recuper attest bientot contact;1
apres plusieurs mails aucune reponse c est incroyable  en passant par mon compte ou ma boite perso  rien ne change ;1;['repons', 'compt', 'perso'];repons compt perso;1
inadmissible   je ne suis plus inscrite a pole emploi et n ai donc plus acces a mon profil candidat   il y a une semaine j ai fait une demande de documents en leur indiquant mon probleme  les documents ont ete envoye sur mon ancien profil  donc inaccessible    quand on est plus candidat on ne peut pas envoyer de mail  apres plusieurs tentatives par le meme formulaire  par une autre adresse email   ni par telephone car sans identifiant et mot de passe  on n a aucune chance d avoir quelqu un au telephone    je vais etre oblige de me deplacer a l agence alors que les horaires d ouverture sont les memes que celles de mon travail   donc pour resumer   je vais devoir prendre sur mon temps de travail pour recuperer une attestation que j aurais pu avoir par email ou par telephone si cela avait ete possible    c est une honte en bientot 2023 de ne pas avoir un contact facile avec eux sans etre candidat ;1;['inadmissibl', 'inscrit', 'profil', 'docu', 'docu', 'profil', 'inaccessibl', 'tentat', 'formulair', 'identifi', 'agenc', 'horair', 'ouvertur', 'cel', 'resum', 'recuper', 'attest', 'bientot', 'contact'];inadmissibl inscrit profil docu docu profil inaccessibl tentat formulair identifi agenc horair ouvertur cel resum recuper attest bientot contact;1
apres plusieurs mails aucune reponse c est incroyable  en passant par mon compte ou ma boite perso  rien ne change ;1;['repons', 'compt', 'perso'];repons compt perso;1
nimorte quel conseiller ne repond a nos mails   vous etes bien place pour nois faire changer de conseiller 5 fois an  mais aucun ne repond sauf quand on va un peu plus haut  ;1;['nimort', 'nois', 'haut'];nimort nois haut;1
le service de ma conseillere mme auffret est tres appreciable  on peut communiquer avec nos conseillers par mail sans se deplacer et en actualisant tout sur l application pole emploi c est hyper pratique   application qui deconne de temps en temps ce qui vaut pas les 5 etoiles mais je recommande de l utiliser ;1;['servic', 'mme', 'auffret', 'appreci', 'communiqu', 'hyp', 'decon', 'vaut', 'recommand'];servic mme auffret appreci communiqu hyp decon vaut recommand;0
aucun suivi  les conseillers ne repondent pas aux mails  informations erronees   ect   ;1;['repondent', 'errone', 'ect'];repondent errone ect;1
solliciter ma conseillere pole emplois pour un conseil a ete a priori trop demander  quand je lui expose ma demande par mail elle me dit tout simplement que je dois appeler le service telephonique  et quand je reponds que je souhaite la reponse a ma problematique par ecrit  d ou le fait de la contacter par mail  elle decide de cloturer la discussion  si vos conseillers ne sont pas capables de nous accompagner et nous aider dans nos demarches a quoi servent t il au juste  ;1;['prior', 'expos', 'appel', 'servic', 'repons', 'problemat', 'contact', 'clotur', 'discuss', 'capabl', 'demarch'];prior expos appel servic repons problemat contact clotur discuss capabl demarch;1
bon service  reponses rapides aux mails et aux problematiques   ;1;['servic', 'repons', 'rapid', 'problemat'];servic repons rapid problemat;1
service injoignable comme toujours;1;['servic', 'injoign'];servic injoign;1
nul de chez nul ca fait un mois et demi que j envoie des mails a mon conseiller et j ai jamais eu de reponse  ni par appel ni par mail         ;1;['dem', 'repons', 'appel'];dem repons appel;1
pas d accompagnement avec un ou une conseillere depuis mon arrivee cette annee sur palaiseau  une conseillere qui n a echange que quelques mails  pour me jeter au final dans une structure de formation pas du tout adaptee a ma situation  n ayant pas non plus demande quoi que ce soit comme documents me concernant  j ai quitte cette formation vendredi 14 mai 2022  ou ca se passait tres tres mal  et je ne sais pas si j aurais quelque chose au niveau indemnisation chomage  ou un autre suivi avec un ou une conseillere competente en lien avec le travailleur social qui m accompagne pour repartir vers une autre formation professionnelle adaptee;1;['arrive', 'palaiseau', 'jet', 'structur', 'format', 'adapte', 'docu', 'quitt', 'format', 'vendred', '14', 'indemnis', 'chomag', 'competent', 'lien', 'travailleur', 'repart', 'format', 'adapte'];arrive palaiseau jet structur format adapte docu quitt format vendred 14 indemnis chomag competent lien travailleur repart format adapte;0
une equipe recrute pour ces competences en manipulation  tout est fait pour vous pousser a la faute et obtenir le saint graal de la radiation  du coup de telephone a 1 sonnerie  si vous ne repondez vous recevez un mail vous indiquant etre radie pour manquement a vos obligations   a la soit disant non reception de mail ou justificatifs  pareil radiation alors que vous disposez de toutes les preuves d envoi  un conseiller qui cherche a vous faire dire ce que vous n avez pas dit pour vous faire sortir de vos  obligations  et donc justifie une radiation   heureusement  qu on paye des cotisations pendants toute notre vie et voila le traitement reserve lors d un coup dur ;1;['equip', 'manipul', 'pouss', 'saint', 'graal', 'sonner', 'recev', 'justif', 'pareil', 'dispos', 'preuv', 'justif', 'pay', 'pend', 'reserv'];equip manipul pouss saint graal sonner recev justif pareil dispos preuv justif pay pend reserv;0
mon conseiller indemnisation n a jamais repondu a mes mails  la personne au telephone est desagreable  je ne comprends pas qu une personne puisse travailler a pole emploi alors qu elle est antipathique et n est pas comprehensive  elle n est clairement pas la pour aider;1;['indemnis', 'person', 'person', 'antipath', 'comprehens'];indemnis person person antipath comprehens;1
je fais une demande de formation  je suis dans l obligation de relancer le conseiller  demande faite il y a plus d un mois   ils se trompent sur le calcul des are 3 fois  je suis obligee de passer des heures au telephone a expliquer ma situation  tout est regle mais 6 mois apres rebelote je me retrouve avec un trop percu enorme et il faut tout recommencer  j envoie un mail pour signaler l anomalie on m explique que c est normal  je ne savais pas qu etre inscrit chez pole emploi  relevait du parcours du combattant  c est deja assez difficile de retrouver un emploi et en plus il faut s occuper des erreurs administratives dont ils sont a l origine  bon courage aux demandeurs d emploi  ;1;['format', 'trompent', 'oblige', 'rebelot', 'recommenc', 'anomal', 'sav', 'inscrit', 'combatt', 'occup', 'administr', 'origin', 'courag'];format trompent oblige rebelot recommenc anomal sav inscrit combatt occup administr origin courag;0
ils envoient des mails pour des formations et lorsque l on a fini toutes demarches pour s inscrire  on nous repond pole emploi ne prend pas en charge cette formation  alors que les mails viennent d eux   repondent systematiquement negativement aux devis de formation  tres insatisfaite de ce service  ;1;['envoient', 'format', 'demarch', 'format', 'viennent', 'repondent', 'format', 'insatisfait', 'servic'];envoient format demarch format viennent repondent format insatisfait servic;-1
une honte  une chaine comme au mac donald  et je pese mes mots  aucune information sur les formations  je recois des e mails de proposition d emploi pour faire un cap de cuisine  alors que je suis maitre d hotel  c  est une blague    j  attend toujours ma reponse pour une aide au permis de conduire ;1;['chain', 'mac', 'donald', 'pes', 'format', 'e', 'cap', 'cuisin', 'maitr', 'hotel', 'blagu', 'attend', 'repons', 'conduir'];chain mac donald pes format e cap cuisin maitr hotel blagu attend repons conduir;0
je note par rapport a la dame   qui m a appele suite a mon inscription a l evenement agent de pressing  j ai annule mon inscription  elle ma envoye 2 mail  j ai pas confirme   ce matin ma rappeler pour me rabaisser ou quoi   pourquoi vous n etes pas venue    ce n est pas une maniere de parle au gens et surtout de monter votre voix   je suis nouvelle ici en france mais je suis une femme diplomee  experimente   je laisse jamais quelqu un me rabaisser  je suis inscrite a pole emploi pour un bon suivi  je sais quoi faire avant de venir ici en france   je suis en reconversion en informatique   j ai un bac   5   et vous   vous etes la pour qui  si vous etiez ma conseillere je demande un autre conseiller  je perds mes annees d etudes pour agent de pressing   c est drole   et du jamais vue;1;['appel', 'even', 'agent', 'pressing', 'confirm', 'rabaiss', 'venu', 'voix', 'femm', 'diplome', 'experiment', 'rabaiss', 'inscrit', 'reconvers', 'bac', 'eti', 'perd', 'etud', 'agent', 'pressing', 'drol'];appel even agent pressing confirm rabaiss venu voix femm diplome experiment rabaiss inscrit reconvers bac eti perd etud agent pressing drol;1
mon experience avec cette agence a ete et est toujours tres complique en effet avant le confinement je suis etudiante et j ai demande pour ma formation la validation d un devis mon conseiller a ete incapable de le voir sur mon espace en ligne tantot il ne comprenait pas tantot il me disait qu il fallait que nous discutions quand je fixer un rendez vous avec lui alors que j avais fait plusieurs mails c est comme si il ne les regardait pas quand j appelle le numero a disposition c est la meme chose ils ne comprennent absolument rien je ne comprends absolument pas pourquoi cela j ai donc demande le changement de mon conseiller et maintenant depuis le changement cela fait presque trois mois je n ai aucune reponse alors que le mail a ete envoye je suis maintenant en formation et mon devis n a toujours pas ete valide je ne peux meme pas faire ma demande rfp je trouve ca inadmissible de la part de pole emploi de laisser les gens dans des situations pareilles je ne demande qu a pouvoir communiquer avec mon conseiller pour exprimer le fait que je suis en formation et que j ai besoin de cette validation pour pouvoir faire ma demande d aide rfp et malheureusement je n ai toujours aucune reponse je ne sais plus quoi faire je suis desespere cette agence me desespere les gens qui travaillent sont desesperant;1;['agenc', 'confin', 'etudi', 'format', 'tantot', 'compren', 'tantot', 'discut', 'fix', 'regard', 'appel', 'comprennent', 'repons', 'format', 'rfp', 'inadmissibl', 'pareil', 'communiqu', 'exprim', 'format', 'rfp', 'repons', 'desesper', 'agenc', 'desesper', 'travaillent', 'desesper'];agenc confin etudi format tantot compren tantot discut fix regard appel comprennent repons format rfp inadmissibl pareil communiqu exprim format rfp repons desesper agenc desesper travaillent desesper;1
pire que tout  rien ne fonctionne  le personnel est desagreable au possible et nous crie dessus quand on leur fait remarquer que leurs outils ne fonctionnent pas  ne repondent a aucun mail  et evidement n ont pas de numero de telephone;1;['personnel', 'cri', 'dessus', 'remarqu', 'fonctionnent', 'repondent', 'evid'];personnel cri dessus remarqu fonctionnent repondent evid;1
du grand jamais vu  1an inscrite chez eux aucun appel  rien ni meme pour savoir si j ai besoin d aide  bref  passons  une semaine qui me font tourner en rond sans reponse pour la quasi du temps sans preciser que les reponses que j ai sont des e mails a cote de ma question demande  une perte de temps incroyable   ne comptez pas sur eux  aucune conscience professionnelle  ils te laissent dans la m rde sans souci ;1;['1an', 'inscrit', 'appel', 'passon', 'rond', 'repons', 'quas', 'repons', 'e', 'compt', 'conscienc', 'laissent', 'rde', 'souc'];1an inscrit appel passon rond repons quas repons e compt conscienc laissent rde souc;1
rat le bol   aucune reponse au mail pour un projet professionnel depuis 1 semaine et quand t appel que tu te demande a etre rappele quedal  ;1;['rat', 'bol', 'repons', 'appel', 'quedal'];rat bol repons appel quedal;1
un service catastrophique  ils en sont conscients et ne font rien pour      2 semaines pour repondre a un mail  en plus de maniere incompetente et sans avoir compris le message initial  ou leur boulot    parfois ils vous ghostent   du jamais vu  mais bon  c est pole emplois et c est dreux  ca pue la defaite   vivement le depart         ;1;['servic', 'conscient', 'incompetent', 'compr', 'initial', 'boulot', 'ghostent', 'dreux', 'pu', 'defait', 'viv'];servic conscient incompetent compr initial boulot ghostent dreux pu defait viv;1
